,EarthCam URL,Country,City,State,Frame Rate,Description (Landscape/People/An
Vikrant,http://www.earthcam.com/usa/alabama/florence/?cam=lioncam,USA,Floren
Stream,http://www.earthcam.com/usa/california/sanfrancisco/?cam=sanfrancisco
Stream,http://www.earthcam.com/usa/arizona/sedona/gateway/?cam=sedona_gatewa
Stream,http://www.earthcam.com/usa/arizona/sedona/redrock/?cam=sedona_hd,USA
Stream,http://www.earthcam.com/usa/arizona/sedona/sevenarches/?cam=sedona7,U
Stream,http://www.earthcam.com/usa/california/laguna/index.php?cam=vskimboar
Stream,http://www.earthcam.com/usa/colorado/breckenridge/,USA,Breckenridge,C
Stream,http://www.earthcam.com/usa/california/losangeles/hollywoodblvd/?cam=
Stream,http://www.earthcam.com/usa/california/newportcoast/?cam=newportcoast
Stream,http://www.earthcam.com/usa/california/sanfrancisco/?cam=rowingclub,U
Stream,http://www.earthcam.com/usa/california/santamonica/?cam=santamonica,U
Stream,http://www.earthcam.com/usa/california/venicebeach/?cam=venice,USA,Ve
Stream,http://www.earthcam.com/usa/dc/cherryblossoms/,USA,"Washington, D.C",
Stream,http://www.earthcam.com/usa/dc/nationalmall/?cam=nationalmall,USA,"Wa
Stream,http://www.earthcam.com/usa/dc/washingtonmonument/?cam=wamo,USA,"Wash
Stream,http://www.earthcam.com/usa/dc/?cam=washdc,USA,"Washington, D.C",DC,3
Stream,http://www.earthcam.com/usa/florida/browardcounty/?cam=burrowingowl,U
Stream,http://www.earthcam.com/usa/florida/miamiandthebeaches/?cam=miamibeac
Stream,http://www.earthcam.com/usa/florida/daytona/,USA,Daytona,FL,30,Dayton
Stream,http://www.earthcam.com/usa/florida/miamiandthebeaches/?cam=miamibeac
Stream,http://www.earthcam.com/usa/florida/stpetersburg/?cam=stpeteair,USA,S
Stream,http://www.earthcam.com/usa/florida/rivierabeach/manatee/,USA,Riviera
Stream,http://www.earthcam.com/usa/florida/fortlauderdale/marina/,USA,Fort L
Stream,http://www.earthcam.com/usa/florida/fortmyers/?cam=fort_myers_hd,USA,
Stream,http://www.earthcam.com/usa/florida/hillsboro/,USA,Hillsboro Beach,FL
Stream,http://www.earthcam.com/usa/florida/lauderdalebythesea/,USA,Lauderdal
Stream,http://www.earthcam.com/usa/florida/miami/?cam=miamatechvw1,USA,Miami
Stream,http://www.earthcam.com/usa/florida/miamiandthebeaches/?cam=miamibeac
Stream,http://www.earthcam.com/usa/florida/miami/?cam=miami,USA,Miami,FL,30,
Stream,http://www.earthcam.com/usa/florida/naples/?cam=naplespier,USA,Naplie
Stream,http://www.earthcam.com/usa/florida/miamiandthebeaches/?cam=miamibeac
Stream,http://www.earthcam.com/usa/florida/sanibel/,USA,Sanibel Island,FL,30
Stream,http://www.earthcam.com/usa/florida/sarasota/,USA,Sarasot,FL,30,Siest
Stream,http://www.earthcam.com/usa/florida/miamiandthebeaches/?cam=miamibeac
Stream,http://www.earthcam.com/usa/florida/stluciecounty/?cam=stluciecounty_
Stream,http://www.earthcam.com/usa/florida/stluciecounty/?cam=stluciecounty_
Stream,http://www.earthcam.com/usa/florida/stluciecounty/?cam=stluciecounty_
Stream,http://www.earthcam.com/usa/florida/stluciecounty/?cam=stluciecounty_
Stream,http://www.earthcam.com/usa/florida/miamiandthebeaches/?cam=miamibeac
Stream,http://www.earthcam.com/usa/florida/treasureisland/sunsetbeach/,USA,T
Stream,http://www.earthcam.com/usa/florida/treasureisland/sunsetbeach/,USA,T
Stream,http://www.earthcam.com/usa/florida/gainesville/osprey/,USA,Gainesvil
Stream,http://www.earthcam.net/projects/miamimarlins/,USA,,FL,N/A,"Marlins P
Stream,http://www.earthcam.com/usa/hawaii/kauai/koloa/,USA,Koloa,HI,N/A,"Kol
Stream,http://www.earthcam.com/usa/hawaii/kauai/,USA,Poipu Beach,HI,N/A,"Kau
Stream,http://www.earthcam.com/usa/hawaii/maui/?cam=maui,USA,Maui,HI,N/A,"Ma
Stream,http://www.earthcam.com/usa/hawaii/bigisland/waikoloa/,USA,Waikoloa,H
Stream,http://www.earthcam.com/usa/illinois/wilmington/midewin/,USA,Wilmingt
Stream,http://www.earthcam.com/usa/illinois/chicago/field/,USA,Chicago,IL,N/
Stream,http://www.earthcam.com/usa/illinois/falcon/?cam=falcon_il,USA,Waukeg
Stream,http://www.earthcam.com/usa/illinois/chicago/wrigleyfield/?cam=wrigle
Stream,http://www.earthcam.com/usa/indiana/notredame/,USA,Notre Dame,IN,N/A 
Stream,http://www.earthcam.com/usa/louisiana/neworleans/bourbonstreet/?cam=c
Stream,http://www.earthcam.com/usa/louisiana/neworleans/bourbonstreet/?cam=c
Stream,http://www.earthcam.com/usa/louisiana/neworleans/bourbonstreet/?cam=b
Stream,http://www.earthcam.com/usa/louisiana/neworleans/bourbonstreet/?cam=c
Stream,http://www.earthcam.com/usa/maryland/baltimore/fortmchenry/?cam=fortm
Stream,http://www.earthcam.com/usa/maryland/baltimore/fortmchenry/?cam=fortm
Stream,http://www.earthcam.com/usa/massachusetts/boston/?cam=boston_hd,USA,B
Stream,http://www.earthcam.com/usa/michigan/grandhaven/lakemichigan/,USA,Gra
Stream,http://www.earthcam.com/usa/michigan/brighton/,USA,Brighton,MI,,"Mill
Stream,http://www.earthcam.com/usa/michigan/mears/silverlake/,USA,Mears,MI,,
Stream,http://www.earthcam.com/usa/michigan/stjoseph/?cam=stjoelighthouse,US
Stream,http://www.earthcam.com/usa/minnesota/chanhassen/?cam=doggydaycare2,U
Stream,http://www.earthcam.com/usa/minnesota/chanhassen/?cam=doggydaycare1,U
Stream,http://www.earthcam.com/usa/minnesota/rochester/falcon/,USA,Rochester
Stream,http://www.earthcam.com/usa/minnesota/saintpaul/,USA,Saint Paul,MN,,s
Stream,http://www.earthcam.com/usa/missouri/stlouis/?cam=arch_riverview,USA,
Stream,http://www.earthcam.com/usa/montana/billings/,USA,Billings,MT,, ZooMo
Stream,http://www.earthcam.com/usa/nebraska/omaha/falconcam/,USA,Omaha,NE,,r
Stream,http://www.earthcam.com/usa/nevada/clarkcounty/tortoise/,USA,Clark Co
Stream,http://www.earthcam.com/usa/nevada/lasvegas/index.php?cam=wedding,USA
Stream,http://www.earthcam.com/usa/nevada/lasvegas/index.php?cam=sign_hd,USA
Stream,http://www.earthcam.com/usa/newjersey/paterson/,USA,Paterson,NJ,,"Cit
Stream,http://www.earthcam.com/usa/newjersey/sandyhook/?cam=sandyhook_west,U
Stream,http://www.earthcam.com/usa/newjersey/sandyhook/?cam=sandyhook_east,U
Stream,http://www.earthcam.com/usa/newjersey/sandyhook/?cam=sandyhook_north,
Stream,http://www.earthcam.com/usa/newjersey/seasideheights/?cam=seasideheig
Stream,http://www.earthcam.com/usa/newjersey/seasideheights/?cam=seasideheig
Stream,http://www.earthcam.com/usa/newjersey/seasidepark/,USA,Seaside Park,N
Stream,http://www.earthcam.com/usa/newjersey/wildwood/,USA,Wildwood,NJ,,"Wil
Stream,http://www.earthcam.com/usa/newmexico/lasvegas/,USA,Las Vegas,NM,,"Pl
Stream,http://www.earthcam.com/usa/newmexico/santafe/,USA,Santa Fe,NM,,e Pla
Stream,http://www.earthcam.com/usa/newyork/fifthave/?cam=nyc5th_str,USA,NYC,
Stream,http://www.earthcam.com/usa/newyork/brooklynbridge/,USA,NYC,NY,,views
Stream,http://www.earthcam.com/usa/newyork/wallstreet/chargingbull/?cam=char
Stream,http://www.earthcam.com/usa/newyork/columbuscircle/,USA,NYC,NY,,Colum
Stream,http://www.earthcam.com/usa/newyork/littleitaly/,USA,NYC,NY,,"Mulberr
Stream,http://www.earthcam.com/usa/newyork/highline/,USA,NYC,NY,,"High Line 
Stream,http://www.earthcam.com/usa/newyork/saintnicholas/,USA,NYC,NY,,View f
Stream,http://www.earthcam.com/usa/newyork/statueofliberty/?cam=liberty_hd,U
Stream,http://www.earthcam.com/usa/newyork/statueofliberty/?cam=liberty_str,
Stream,http://www.earthcam.com/usa/northcarolina/belmont/,USA,Belmon,NC,,Roa
Stream,http://www.earthcam.com/usa/northcarolina/supply/holden/,USA,Holden B
Stream,http://www.earthcam.com/usa/northdakota/cavalier/,USA,Cavalier,ND,,Ro
Stream,http://www.earthcam.com/usa/ohio/cleveland/,USA,Cleveland,OH,,Pier ( 
Stream,http://www.earthcam.com/usa/oklahoma/vinita/?cam=route66east,USA,Vini
Stream,http://www.earthcam.com/usa/oklahoma/vinita/?cam=route66west,USA,Vini
Stream,http://www.earthcam.com/usa/washington/pasco/?cam=vineyard,USA,Pasco,
Stream,http://www.earthcam.com/usa/nationalparkservice/virtualpark/,USA,NYC,
Stream,http://www.bristolmotorspeedway.com/fans/news-archive/pilot-flying-ba
Stream,http://www.earthcam.com/usa/texas/austin/,USA,Austin,TX,,6th Street V
Stream,http://www.earthcam.com/usa/texas/mcallen/?cam=mcallen,USA,McAllen,TX
Stream,http://www.earthcam.com/usa/texas/southlake/,USA,Southlake,TX,,Southl
Stream,http://www.earthcam.com/jfk/,USA,Dallas,TX,,View of Dealy Plaza + Par
Stream,http://www.earthcam.com/usa/pennsylvania/gettysburg/?cam=gettysburg,U
Stream,http://www.earthcam.com/usa/pennsylvania/scranton/,USA,Scranton,PA,,S
Stream,http://www.earthcam.com/usa/pennsylvania/pittsburgh/warhol/,USA,Bethe
Stream,http://www.earthcam.com/usa/texas/dallas/reuniontower/,USA,Dallas,TX,
Stream,http://www.earthcam.com/usa/texas/laporte/,USA,La Porte,TX,,Top of Sa
Stream,http://www.earthcam.com/usa/vermont/burlington/,USA,Burlington,VT,,Un
Stream,http://www.earthcam.com/usa/pennsylvania/pittsburgh/warhol/?cam=warho
Stream,http://www.earthcam.com/usa/pennsylvania/pittsburgh/warhol/?cam=warho
Shengli ,http://www.earthcam.com/usa/wyoming/jackson/,USA,Jackson,WY,,North 
,http://www.earthcam.com/world/anguilla/meadsbay/?cam=meadsbay_hd,Anguilla,B
,http://www.earthcam.com/world/anguilla/meadsbay/?cam=aletapool,Anguilla,Bar
,http://www.earthcam.com/world/anguilla/meadsbay/?cam=barnesbay,Anguilla,Bar
,http://www.earthcam.com/world/aruba/beachresort/?cam=arubabeach,Aruba,Oranj
,http://www.earthcam.com/world/aruba/beachresort/?cam=pooldeck,Aruba,Oranjes
,http://www.earthcam.com/world/aruba/eaglebeach/?cam=bucuti3,Aruba,Oranjesta
,http://www.earthcam.com/world/aruba/druifbeach/,Aruba,Oranjestad,,,Casa del
,http://www.earthcam.com/world/aruba/eaglebeach/?cam=bucuti1,Aruba,Oranjesta
,http://www.earthcam.com/world/bermuda/pembroke/,British Overseas Territory,
,http://www.earthcam.com/world/brazil/riodejaneiro/?cam=rio_copacabana,Brazi
,http://www.earthcam.com/world/canada/ontario/algonquinpark/,Canada,Ottawa,,
,http://www.earthcam.com/world/canada/toronto/cntower/?cam=cntower1,Canada,T
,http://www.earthcam.com/world/canada/toronto/cntower/?cam=cntower2,Canada,T
,http://www.earthcam.com/canada/niagarafalls/thefalls/?cam=niagarafalls2,Can
,http://www.earthcam.com/canada/niagarafalls/?cam=niagarafalls_str,Canada,On
,http://www.earthcam.com/world/canada/cochrane/polarbear/?cam=habitat1,Canad
,http://www.earthcam.com/world/canada/cochrane/polarbear/?cam=habitat2,Canad
,http://www.earthcam.com/world/canada/cochrane/polarbear/?cam=hectorlake,Can
,http://www.earthcam.com/world/canada/cochrane/polarbear/?cam=viewingcenter,
,http://www.earthcam.com/world/costarica/playagrande/?cam=playagrande,Costa 
,http://www.earthcam.com/czechrepublic/prague/?cam=grandhotel_str,Czech Repu
,http://www.earthcam.com/world/france/paris/?cam=eiffeltower_hd,France,Paris
,http://www.earthcam.com/world/germany/hamburg/,German,Hamburg,,,A tourist a
,http://www.earthcam.com/greece/thassos/,Greece,Island of Thassos,,,A beach 
,http://www.earthcam.com/world/hungary/budapest/,Hungary,Budapest,,,A high w
,http://www.earthcam.com/world/indonesia/bali/?cam=bali2,Indonesia,Bali,,,El
,http://www.earthcam.com/world/ireland/dublin/?cam=templebar,Ireland,Dublin,
,http://www.earthcam.com/world/israel/jerusalem/,Israel,Jerusalem,,,the West
,http://www.earthcam.com/world/jamaica/negril/?cam=rickscafe,Jamaica,Negril,
,http://www.rickscafejamaica.com/rickslive.html,Jamaica,Negril,,,A cafe in N
,http://www.earthcam.com/world/jordan/?cam=amman,Jordan,Amman,,,A major high
,http://www.earthcam.com/world/jordan/?cam=deadsea,Jordan,Jerusalem,,,Dead s
,http://www.earthcam.com/world/jordan/?cam=petra,Jordan,Petrs,,,A tourist at
,http://www.earthcam.com/world/mexico/cancun/,Mexico,Cancun,,,Cancun Billy's
,http://www.earthcam.com/world/newzealand/queenstown/,New Zealand ,Queenstow
,http://www.earthcam.com/world/philippines/boracay/,Philippines,Bulabog ,,,v
,http://www.earthcam.com/world/philippines/boracay/bulabogbay/,Philippines,B
,http://www.earthcam.com/usa/puertorico/sanjuan/?cam=sanjuan3,Puerto Rico,Sa
,http://www.earthcam.com/world/qatar/doha/,Qatar,Doha,,,live views of the Do
,http://www.earthcam.com/world/russia/moscow/?cam=moscow_hd,Russia,Moscow,,,
,http://www.earthcam.com/world/thailand/bangkok/,Thailand ,Bangkok,,,Overvie
,http://www.earthcam.com/world/turkey/istanbul/,Turkey,Istanbul ,,,Front vie
,http://www.earthcam.com/world/uae/dubai/atlantisthepalm/?cam=atlantis1,UAE,
,http://www.earthcam.com/world/uae/dubai/atlantisthepalm/?cam=atlantis2,UAE,
,http://www.earthcam.com/world/uk/bognorregis/,UK,Bognor Regis ,,,Bognor Reg
,http://www.earthcam.com/usa/virginislands/stcroix/?cam=mmstcroix_hd,USA,St.
,http://www.earthcam.com/world/virginislands/stthomas/,,,,,,31.9565783,35.94
,http://www.earthcam.com/usa/puertorico/sanjuan/?cam=sanjuan1,,,,,,31.717946
,http://www.earthcam.com/world/jordan/?cam=mainhotsprings,,,,,,30.328878,35.
,http://www.earthcam.com/chile/patagonia/,,,,,,20.84792602,-86.87529087,,,ht
,http://www.earthcam.com/world/indonesia/bali/?cam=bali1,Indonesia,Bali,,,,-
,http://www.earthcam.com/world/japan/tokyo/,Japan,Tokyo,,,view of the canal 
,http://www.earthcam.com/world/jordan/?cam=aqaba,Jordan,,,,A small harbour ,
,http://www.earthcam.com/world/netherlands/amsterdam/,Netherlands,Amsterdam 
,http://www.earthcam.com/world/iceland/reykjavik/,,,,,,25.2916097,51.5304368
,http://www.earthcam.com/frenchwestindies/stbarts/,France,St. Barts,,,,55.72
,http://www.earthcam.com/world/jordan/?cam=citadel,Jordan,Citadel,,,A touris
,http://www.earthcam.com/world/botswana/chobe/,Botswana,Chobe,,,A plain area
Its a picture,http://www.earthcam.com/world/israel/jerusalem/?content=panora
Its a picture,http://www.earthcam.com/world/iceland/hella/?cam=iceland_mp,Ic
Its a picture,http://www.earthcam.com/world/iceland/hella/?cam=iceland_hd,Ic
Its a picture,http://www.earthcam.com/world/france/paris/?cam=eiffeltower,Fr
,,,,,,,,,,,,,,                                                              
Can't get the rtmp address,http://www.abbeyroad.com/Crossing,England,,,,Abby
Can't get the rtmp address,http://www.spaceneedle.com/visit-the-needle/webca
Can't get the rtmp address,http://wisconsinesc.com/live-webcam,USA,,WI,,Over
,,,,,,,,,,,,,,                                                              
,Red means temporarily unavailable ,,,,,,,,,,,,,                            
,Green means it is not a live stream and can't get flv name,,,,,,,,,,,,,    
,Yellow means it has been turned off in the evening,,,,,,,,,,,,,            
,,,,,,,,,,,,,,                                                              
,,,,,,,,,,,,,,                                                              
,,,,,,,,,,,,,,                                                              
Video,http://www.earthcam.com/events/fishbowl/2015/?cam=fishbowl_2015,USA,,A
Pano,http://www.earthcam.com/usa/dc/cherryblossoms/?cam=washdc_pano,USA,,DC,
Pano,http://www.earthcam.com/usa/dc/mlk/?cam=mlkmemorial,USA,,DC,N/A,Panarom
Pano,http://www.earthcam.com/usa/dc/mlk/?content=poi,USA,,DC,N/A,Panaromic c
Pano,http://www.earthcam.com/usa/dc/nationalmall/?content=poi,USA,,DC,N/A,Pa
Photo,http://www.earthcam.com/events/fishbowl/2016/?cam=fishbowl_2016,USA,,C
Photo,http://www.earthcam.com/usa/connecticut/?cam=criscuolo,USA,,CT,N/A,Pho
Pano,http://www.earthcam.com/usa/arizona/sedona/redrock/?cam=sedonarr_pano,U
Pano,http://www.earthcam.com/usa/california/sanfrancisco/?content=panorama,U
Pano,http://www.earthcam.com/usa/california/sanfrancisco/?content=panorama2,
Bad Link,http://www.earthcam.com/usa/nationalparkservice/,USA,,DC,N/A,Not a 
Error,http://www.jaguars.com/stadiumupgrades/,USA,,FL,N/A,Not a live stream,
Photo,http://mercedesbenzstadium.com/live-time-lapse-webcam/,USA,,GA,N/A,Mer
NOT),http://www.earthcam.com/usa/illinois/falcon/?cam=falcon_ro,USA,,IL,N/A,
NOT),http://www.earthcam.com/usa/massachusetts/essex/?cam=essex_osprey,USA,,
NOT),http://www.earthcam.com/usa/massachusetts/oxford/,USA,,MA,,Camera  not 
NOT),http://www.earthcam.com/usa/illinois/falcon/?cam=falcon_il,USA,,IL,Reap
NOT),http://www.earthcam.com/usa/louisiana/neworleans/bourbonstreet/?cam=cat
NOT),http://www.earthcam.com/usa/michigan/gaylord/snowman/,USA,,MI,,"Unable 
NOT),http://www.earthcam.com/usa/minnesota/duluth/,USA,,MN,,Cannot Parse See
NOT),http://www.vikings.com/stadium/new-stadium/webcam.html,USA,,MN,,Cannot 
NOT),http://www.earthcam.com/usa/missouri/hannibal/,USA,,MO,,Camera Unavaila
NOT),http://www.earthcam.com/usa/missouri/stlouis/?cam=arch_mp,USA,,MO,,Came
NOT),http://www.earthcam.com/usa/missouri/stlouis/?cam=arch_pano,USA,,MO,,No
NOT),http://www.earthcam.com/clients/bellagio/,USA,,NV,,Not a stream,,,,,,,,
NOT),http://www.earthcam.com/usa/newhampshire/hamptonbeach/?cam=hamptonbeach
NOT),http://www.earthcamhq.com/,USA,,NJ,,Not a live stream,,,,,,,,None      
NOT),http://www.earthcam.com/usa/newjersey/uppersaddleriver/fishtank/,USA,,N
NOT),http://www.earthcam.com/usa/newyork/skyline/?cam=hyatthd,USA,,NJ,,Not a
NOT),http://www.earthcam.com/usa/newjersey/sandyhook/?cam=sandyhook_south,US
NOT),http://www.youtube.com/watch?v=ovliNBwTZrQ,USA,,NJ,,Youtube video,,,,,,
NOT),http://www.earthcam.com/usa/newyork/columbuscircle/,USA,,NY,,Same cam a
NOT),http://www.earthcam.com/usa/newyork/coneyisland/?cam=coneyisland,USA,,N
NOT),http://www.earthcam.com/usa/newyork/statueofliberty/?cam=liberty_ellisi
NOT),http://www.earthcam.com/usa/newyork/skyline/?cam=skyline_pano,USA,,NY,,
NOT),http://www.earthcam.com/usa/newyork/midtown/skyline/?cam=midtown4k,USA,
NOT),http://www.earthcam.com/usa/newyork/midtown/skyline/?cam=manhattan_skyl
NOT),http://www.earthcam.com/usa/newyork/midtown/skyline/?cam=skyline_midtow
NOT),http://www.earthcam.com/newyears/,USA,,NY,,"Not a live stream, website 
NOT),http://www.earthcam.com/usa/newyork/worldtradecenter/?cam=tower1,USA,,N
Video,http://www.earthcam.com/usa/washington/seattle/?cam=seattleskyline,USA
Video,http://www.earthcam.com/usa/texas/mcallen/?cam=mcallen_parade,USA,McAl
Video,http://www.earthcam.com/newyears/ts/?cam=broadcast_ny2017,USA,NYC,NY,,
Video,http://www.earthcam.com/usa/newyork/worldtradecenter/?cam=wtc_tl,USA,N
Video,http://www.youtube.com/watch?v=_hzGkh1JfUw,USA,,NY,N/A,This is a youtu
Video,http://www.earthcam.com/events/thanksgiving/2016/?cam=centralpark2_tha
Video,http://www.earthcam.com/events/thanksgiving/2016/,USA,NYC,NY,,Thanksgi
Video,http://www.earthcam.com/newyears/ts/?cam=tsnorth_hd_ny2017,USA,NYC,NY,
Pano,http://www.earthcam.com/usa/washington/seattle/?cam=seattleskyline_pano
Photo,http://www.earthcam.com/usa/newyork/statueofliberty/?cam=liberty_harbo
Image,http://www.earthcam.com/usa/newyork/worldtradecenter/?cam=tower3,USA,N
Photo,http://www.earthcam.com/usa/newyork/statueofliberty/?cam=liberty_harbo
Photo,http://www.earthcam.com/usa/newyork/timessquare/?cam=gped,USA,NYC,NY,,
Photo,http://www.earthcam.com/usa/newyork/timessquare/?cam=gts2_10,USA,NYC,N
Photo,http://www.earthcam.com/usa/newyork/lakeplacid/,USA,Lake Placid,NY,,La
Photo,http://www.earthcam.com/usa/newyork/timessquare/?cam=gduffy,USA,NYC,NY
Photo,http://www.earthcam.com/usa/newyork/timessquare/?cam=tspano,USA,NYC,NY
Photo,http://www.earthcam.com/usa/newyork/timessquare/?cam=gts1,USA,NYC,NY,,
Photo,http://www.earthcam.com/usa/newyork/statueofliberty/?cam=liberty_popar
Photo,http://www.earthcam.com/usa/newyork/statueofliberty/?cam=liberty_mp,US
Pano,http://www.earthcam.com/usa/newyork/statueofliberty/?cam=liberty_pano,U
Photo,http://www.earthcam.com/usa/pennsylvania/pittsburgh/warhol/?cam=warhol
Photo,http://www.earthcam.com/usa/pennsylvania/shanksville/?cam=flight93,USA
Photo,http://www.earthcam.com/usa/newyork/worldtradecenter/?cam=tower1base,U
Photo,http://www.earthcam.com/usa/newyork/worldtradecenter/?cam=tower1base,U
Photo,http://www.earthcam.com/usa/newyork/worldtradecenter/?cam=wtcmemorial,
Photo,http://www.earthcam.com/usa/southdakota/keystone/mountrushmore/?cam=ru
Pano,http://www.earthcam.com/usa/southdakota/keystone/mountrushmore/?cam=rus
Photo,http://www.earthcam.com/usa/southdakota/keystone/mountrushmore/index.p
Bad Link,http://www.earthcam.com/events/stpats/2012/?cam=nyc5th_stpats2012_h
Bad Link,http://www.earthcam.com/usa/newyork/statueofliberty/,USA,NYC,NY,,No
Bad Link,http://www.earthcam.com/usa/newyork/intrepid/index.php?cam=libertys
Bad Link,http://www.earthcam.com/usa/newyork/intrepid/index.php?cam=intrepid
Bad Link,http://www.earthcam.com/usa/newyork/intrepid/index.php?cam=liberty_
Error,http://www.earthcam.com/usa/newyork/timessquare/?cam=tstwo_hd,USA,NYC,
Error,http://www.earthcam.com/usa/newyork/timessquare/?cam=tsstreet,USA,NYC,
Error,http://www.earthcam.com/usa/newyork/timessquare/?cam=tsrobo1,USA,NYC,N
Error,http://www.earthcam.com/usa/newyork/timessquare/?cam=tsrobo3,USA,NYC,N
Unavail,http://www.earthcam.com/usa/florida/fortmyers/?cam=fort_myers_gullwi
Unavail,http://www.earthcam.com/usa/florida/sanibel/osprey/,USA,,FL,N/A,Temp
Unavail,http://www.earthcam.com/usa/california/losangeles/marinadelrey/?cam=
Unavail,http://www.earthcam.com/usa/connecticut/?cam=mohawkmtn,USA,,CT,N/A,T
Unavail,http://www.earthcam.com/usa/connecticut/?cam=talcottmtn,USA,,CT,N/A,
Unavail,http://www.earthcam.com/usa/florida/destin/?cam=destin,USA,,FL,N/A,t
Unavail,http://www.earthcam.com/usa/dc/washingtonmonument/?cam=washmon,USA,,
Unavail,http://www.earthcam.com/usa/dc/washingtonmonument/?cam=washmon_cu,US
Unavail,http://www.earthcam.com/usa/dc/eagle/,USA,,DC,N/A,Temporarily Unavai
Unavail,http://www.earthcam.com/usa/florida/gainesville/?cam=uflorida2,USA,,
Unavail,http://www.earthcam.com/usa/florida/gainesville/?cam=uflorida1,USA,,
Unavail,http://www.earthcam.com/usa/florida/manalapan/palmbeach/,USA,,FL,N/A
Unavail,http://www.earthcam.com/usa/florida/destin/sandestinbeach/?cam=sande
Unavail,http://www.earthcam.com/usa/florida/miamiandthebeaches/?cam=miamibea
Unavail,http://www.earthcam.com/usa/dc/osprey/?cam=dc_osprey,USA,,DC,N/A,Tem
Unavail,http://www.earthcam.com/usa/newyork/worldtradecenter/?cam=tower1cu,U
Unavail,http://www.earthcam.com/usa/pennsylvania/allentown/,USA,Allentown,PA
Unavail,http://www.earthcam.com/usa/pennsylvania/pittsburgh/warhol/?cam=warh
Unavail,http://www.earthcam.com/usa/pennsylvania/shanksville/?cam=flight93_2
Unavail,http://www.earthcam.com/usa/newyork/worldtradecenter/?cam=skyline_g,
Unavail,http://www.earthcam.com/usa/pennsylvania/pittsburgh/warhol/?cam=warh
unavail,http://www.earthcam.com/usa/newyork/statueofliberty/?cam=liberty_cro
Unavail,http://www.earthcam.com/usa/virginia/virginiabeach/,USA,Virginia Bea
,http://www.earthcam.com/usa/michigan/warren/falcon/,,,,,,,,,,,,,http://vide
,http://www.earthcam.com/usa/southcarolina/spartanburg/,,,,,,,,,,,,,http://v
,http://www.earthcam.com/usa/alabama/florence/,,,,,,,,,,,,,http://video3.ear
,http://www.earthcam.com/usa/arizona/sedona/gateway/,,,,,,,,,,,,,http://vide
,http://www.earthcam.com/usa/california/newportcoast/,,,,,,,,,,,,,http://vid
,http://www.earthcam.com/usa/southcarolina/greenville/?cam=giraffe_int,,,,,,
,http://www.earthcam.com/usa/southcarolina/myrtlebeach/resort/?cam=coralbeac
,http://www.earthcam.com/usa/california/santamonica/,,,,,,,,,,,,,http://vide
,http://www.earthcam.com/usa/california/losangeles/hollywoodblvd/,,,,,,,,,,,
,http://www.earthcam.com/usa/colorado/pagosasprings/,,,,,,,,,,,,,http://vide
,http://www.earthcam.com/events/fishbowl/2016/,,,,,,,,,,,,,http://video3.ear
,http://www.earthcam.com/world/northernmarianaislands/saipan/,,,,,,,,,,,,,ht
,http://www.earthcam.com/usa/southcarolina/kiawahisland/?cam=kiawahisland,,,
,http://www.earthcam.com/events/fishbowl/2015/,,,,,,,,,,,,,http://video3.ear
,http://www.earthcam.com/usa/newyork/timessquare/?cam=tsnorth_hd,,,,,,,,,,,,
,http://www.earthcam.com/usa/california/losangeles/marinadelrey/,,,,,,,,,,,,
,http://www.earthcam.com/usa/southcarolina/greenville/?cam=giraffe_ext,,,,,,
,http://www.earthcam.com/usa/arizona/sedona/sevenarches/?cam=sedona_pano,,,,
,http://www.earthcam.com/usa/florida/fortlauderdalebeach/,,,,,,,,,,,,,http:/
,http://www.earthcam.com/usa/southcarolina/myrtlebeach/,,,,,,,,,,,,,http://v
,http://www.earthcam.com/usa/california/venicebeach/,,,,,,,,,,,,,http://vide
,http://www.earthcam.com/usa/michigan/stjoseph/lakemichigan/,,,,,,,,,,,,,htt
,http://www.earthcam.com/usa/massachusetts/boston/falcon/,,,,,,,,,,,,,http:/
,http://www.earthcam.com/usa/southcarolina/kiawahisland/?cam=kiawah_island_h
,http://www.earthcam.com/usa/southcarolina/myrtlebeach/resort/?cam=seacrest,
